Mã trạm,Tên trạm xăng,Địa chỉ,Số điện thoại,Vĩ độ,Kinh độ,Loại cơ sở,Trạng thái,Giờ mở cửa,Giờ đóng cửa,Giờ hoạt động,Sức chứa bồn (m³),Số trụ bơm,Số bể chứa,Sản lượng ước tính (lít/ngày),Loại nhiên liệu,Dịch vụ phụ,Mức độ quan trọng,Diện tích ước tính (m²),Năm vận hành,Người đại diện
LA-TX-001,Cây xăng Tân An Thaisonpetro,G9VV+JVV,+84 963 387 546,10.5441096,106.3946754,Cửa hàng xăng dầu,Đang mở,0:00,23:59,24 giờ,50,3,4,6200,"E5 RON 92, RON 95, DO",Dầu nhớt; Rửa xe,Trung bình,1300,2009,Nguyễn Văn An
LA-TX-002,NAMPHUC - Long An No.1 Petrol Station,CT01,+84 778 886 886,10.5303647,106.3931815,Cửa hàng xăng dầu,Đang mở,0:00,23:59,24 giờ,30,2,4,4900,"E5 RON 92, RON 95, DO",Cửa hàng tiện lợi; Dầu nhớt,Thấp,2000,2015,Trần Văn Bình
LA-TX-003,LONG AN CHXD PETEC PVOIL NO.3,Nguyễn Cửu Vân,+84 272 3525 974,10.5110772,106.3977307,Cửa hàng xăng dầu PVOIL/PETEC,Đang mở,6:00,21:00,06:00 - 21:00,40,5,2,8100,"E5 RON 92, RON 95, DO",Cửa hàng tiện lợi; Dầu nhớt,Cao,1250,2016,Trần Văn Bình
LA-TX-004,Xăng dầu Quân Đội,"G9VP+XHQ, Nguyễn Thị Bảy",+84 912 551 220,10.5449516,106.3864708,Cửa hàng xăng dầu,Đang mở,0:00,23:59,24 giờ,60,3,4,8400,"E5 RON 92, RON 95, DO",Cửa hàng tiện lợi; Dầu nhớt,Cao,1450,2018,Trần Văn Bình
LA-TX-005,NAMPHUC - Hoai Chau Petrol Station,"HC49+J2C, QL1A",+84 272 2211 685,10.5565566,106.4175201,Cửa hàng xăng dầu,Đang hoạt động,6:00,22:00,06:00 - 22:00,60,5,2,6200,"E5 RON 92, RON 95, DO",Dầu nhớt; Rửa xe; Cửa hàng tiện lợi,Cao,800,2014,Nguyễn Thị Lan
LA-TX-006,Trạm Xăng Dầu Hiếu Phương,331 QL1A,+84 272 3525 967,10.5642844,106.4205077,Cửa hàng xăng dầu,Đang mở,6:00,23:00,06:00 - 23:00,40,4,4,5600,"E5 RON 92, RON 95, DO",Dầu nhớt; Rửa xe; Cửa hàng tiện lợi,Thấp,1800,2011,Nguyễn Thị Lan
LA-TX-007,Cửa Hàng Xăng Dầu Toàn Thắng Long An,1078 QL1A,+84 973 887 797,10.5015307,106.3780078,Cửa hàng xăng dầu,Đang mở,0:00,23:59,24 giờ,60,4,2,6100,"E5 RON 92, RON 95, DO",Cửa hàng tiện lợi; Dầu nhớt,Trung bình,2350,2009,Trần Văn Bình
LA-TX-008,PETEC PVOIL Gas station No. 2,"Đường Châu Thị Kim, Phường 7, Xã An Vĩnh Ngãi TP TA, Tỉnh Long An",+84 272 3839 156,10.5103715,106.4066377,Cửa hàng xăng dầu PVOIL/PETEC,Đang mở,6:00,21:00,06:00 - 21:00,40,5,4,5700,"E5 RON 92, RON 95, DO",Cửa hàng tiện lợi; Dầu nhớt,Cao,1050,2011,Lê Minh Hoàng
LA-TX-009,Cây dầu Huỳnh Hoàng Ân,15 đường Nguyễn Thái Bình,+84 272 3822 397,10.5389959,106.4220192,Cửa hàng xăng dầu,Đang mở,0:00,23:59,24 giờ,60,2,2,4800,"E5 RON 92, RON 95, DO",Cửa hàng tiện lợi; Dầu nhớt,Thấp,1100,2017,Nguyễn Văn An
LA-TX-010,PVOIL SÀI GÒN CHXD SỐ 37,"Số 237 Ấp Đạo Thạnh, Phường",+84 946 197 866,10.5735474,106.4014124,Cửa hàng xăng dầu PVOIL/PETEC,Đang mở,6:00,23:00,06:00 - 23:00,30,5,4,7400,"E5 RON 92, RON 95, DO",Dầu nhớt; Rửa xe,Cao,2000,2017,Lê Minh Hoàng
LA-TX-011,Cửa Hàng Xăng Dầu Nam Phong 1,275 QL62,+84 272 3526 128,10.5449549,106.3864807,Cửa hàng xăng dầu,Đang hoạt động,6:00,22:00,06:00 - 22:00,60,5,3,7000,"E5 RON 92, RON 95, DO",Dầu nhớt; Rửa xe; Cửa hàng tiện lợi,Cao,1800,2011,Nguyễn Văn An
LA-TX-012,Công Ty Tnhh Mtv Vận Tải Xăng Dầu Quốc Minh,"G9WM+54C, QL62",+84 272 3526 729,10.5454251,106.3827754,Cửa hàng xăng dầu,Đang hoạt động,6:00,22:00,06:00 - 22:00,50,2,3,9500,"E5 RON 92, RON 95, DO",Cửa hàng tiện lợi; Dầu nhớt,Cao,1700,2009,Phạm Quốc Hùng
LA-TX-013,Cây Xăng Dầu Tịnh Lâm,QL1A,+84 352 017 519,10.5578064,106.4119185,Cửa hàng xăng dầu,Đang mở,6:00,22:00,06:00 - 22:00,30,4,4,6100,"E5 RON 92, RON 95, DO",Cửa hàng tiện lợi; Nước uống,Trung bình,2100,2009,Trần Văn Bình
LA-TX-014,MAX - CỬA HÀNG XĂNG DẦU SỐ 55,727 QL1A,+84 868 357 219,10.5136115,106.3855183,Cửa hàng xăng dầu,Đang mở,6:00,22:00,06:00 - 22:00,60,2,2,5400,"E5 RON 92, RON 95, DO",Cửa hàng tiện lợi; Nước uống,Thấp,1050,2009,Nguyễn Thị Lan
LA-TX-015,MAX – CỬA HÀNG XĂNG DẦU SỐ 05,227 Huỳnh Châu Sổ ,+84 983 457 305,10.5339353,106.3836193,Cửa hàng xăng dầu,Đang hoạt động,6:00,22:00,06:00 - 22:00,60,5,2,8300,"E5 RON 92, RON 95, DO",Dầu nhớt; Rửa xe; Cửa hàng tiện lợi,Cao,1450,2018,Trần Minh Đức
LA-TX-016,KK PETRO CHXD 31,QL62,+84 946 796 677,10.552748,106.3706525,Cửa hàng xăng dầu,Đang hoạt động,6:00,22:00,06:00 - 22:00,40,4,2,7800,"E5 RON 92, RON 95, DO",Dầu nhớt; Rửa xe; Cửa hàng tiện lợi,Trung bình,2150,2013,Nguyễn Văn An
LA-TX-017,High-speed petrol stations HCMC - Trung Luong,JC39+9CH,+84 937 220 475,10.6034464,106.4186047,Cửa hàng xăng dầu,Đang mở,0:00,23:59,24 giờ,30,4,2,6800,"E5 RON 92, RON 95, DO",Dầu nhớt; Rửa xe; Cửa hàng tiện lợi,Trung bình,1150,2012,Nguyễn Thị Lan
LA-TX-018,Đại lý Xăng dầu Cầu Voi,56 QL1A,+84 272 3591 157,10.5827533,106.434637,Cửa hàng xăng dầu,Đang mở,0:00,23:59,24 giờ,50,4,2,4600,"E5 RON 92, RON 95, DO",Cửa hàng tiện lợi; Nước uống,Thấp,2450,2012,Trần Văn Bình
LA-TX-019,PVOIL CHXD 53,Đường Châu Thị Kim,+84 272 3511 276,10.5186999,106.411378,Cửa hàng xăng dầu PVOIL/PETEC,Đang mở,6:00,21:00,06:00 - 21:00,30,3,2,8800,"E5 RON 92, RON 95, DO",Cửa hàng tiện lợi; Nước uống,Cao,2200,2012,Nguyễn Văn An
LA-TX-020,CÂY XĂNG HIỆP THÀNH 2,219 QL1A,+84 723 829 856,10.5496277,106.4156146,Cửa hàng xăng dầu,Đang hoạt động,6:00,22:00,06:00 - 22:00,50,2,2,9500,"E5 RON 92, RON 95, DO",Cửa hàng tiện lợi; Nước uống,Cao,2250,2018,Lê Minh Hoàng
LA-TX-021,Hồng Đức Petro-Trạm xăng dầu Phát Huệ,244 QL62,+84 969 934 642,10.5670944,106.3532872,Cửa hàng xăng dầu,Đang hoạt động,6:00,22:00,06:00 - 22:00,30,3,3,5200,"E5 RON 92, RON 95, DO",Dầu nhớt; Rửa xe; Cửa hàng tiện lợi,Thấp,1450,2014,Nguyễn Văn An
LA-TX-022,SWP - CỬA HÀNG XĂNG DẦU SỐ 68,56 QL1A,+84 28 3535 9048,10.5827516,106.4346203,Cửa hàng xăng dầu,Đang mở,6:00,22:00,06:00 - 22:00,50,4,2,4600,"E5 RON 92, RON 95, DO",Cửa hàng tiện lợi; Nước uống,Thấp,2450,2012,Trần Văn Bình
LA-TX-023,Công Ty TNHH XNK Nanoil USA,"394, Quốc Lộ 1, Phường 4, Thành Phố Tân An, Tỉnh Long An",+84 918 525 231,10.5363187,106.4017621,Cửa hàng xăng dầu,Đang hoạt động,6:00,22:00,06:00 - 22:00,30,5,2,6400,"E5 RON 92, RON 95, DO",Cửa hàng tiện lợi; Nước uống,Cao,2000,2019,Phạm Quốc Hùng
LA-TX-024,Cửa hàng bán lẻ xăng dầu Đông Phương Số 6,"HCMP+W57, 114 QL1A",+84 983 106 568,10.584792,106.4354268,Cửa hàng xăng dầu,Đang mở,0:00,23:59,24 giờ,50,2,2,6100,"E5 RON 92, RON 95, DO",Dầu nhớt; Rửa xe; Cửa hàng tiện lợi,Trung bình,800,2014,Phạm Quốc Hùng
LA-TX-025,Đại lý dầu nhớt MAI THẢO,309 Nguyễn An Ninh,+84 989 770 740,10.5317303,106.4167024,Cửa hàng xăng dầu,Đang hoạt động,6:00,22:00,06:00 - 22:00,30,2,3,9900,"E5 RON 92, RON 95, DO",Cửa hàng tiện lợi; Nước uống,Cao,1300,2008,Trần Minh Đức
LA-TX-026,Đại Lý Dầu Nhớt Vũ,39 Châu Thị Kim,+84 909 231 286,10.531992,106.417725,Cửa hàng xăng dầu,Đang hoạt động,6:00,22:00,06:00 - 22:00,30,3,3,6500,"E5 RON 92, RON 95, DO",Cửa hàng tiện lợi; Dầu nhớt,Trung bình,1150,2018,Trần Minh Đức
LA-TX-027,Cửa hàng xăng dầu Châu Thành 31,"JC39+39X, Đường Cao Tốc TPHCM - Trung Lương",+84 994 418 533,10.6027389,106.418493,Cửa hàng xăng dầu,Đang mở,0:00,23:59,24 giờ,60,5,4,8700,"E5 RON 92, RON 95, DO",Không có dịch vụ phụ,Cao,1000,2018,Lê Minh Hoàng
LA-TX-028,Hpetro - Cửa hàng Toàn Phát,GCHM+VQ5,+84 703 076 333,10.5296333,106.4344871,Cửa hàng xăng dầu,Đang hoạt động,6:00,22:00,06:00 - 22:00,50,4,3,5500,"E5 RON 92, RON 95, DO",Cửa hàng tiện lợi; Nước uống,Thấp,1050,2016,Trần Văn Bình
LA-TX-029,SEG - CỬA HÀNG XĂNG DẦU SỐ 06,222 ĐT834,+84 909 023 355,10.5707212,106.4166575,Cửa hàng xăng dầu,Đang mở,0:00,23:59,24 giờ,30,4,2,7300,"E5 RON 92, RON 95, DO",Cửa hàng tiện lợi; Nước uống,Trung bình,1850,2016,Nguyễn Văn An
LA-TX-030,Công Ty TNHH Thành Lê Vũ,"99, Quốc Lộ 1, Phường 5, Thành Phố Tân An, Tỉnh Long An",+84 363 173 166,10.5539368,106.4169615,Cửa hàng xăng dầu,Đang hoạt động,6:00,22:00,06:00 - 22:00,50,5,2,6300,"E5 RON 92, RON 95, DO",Cửa hàng tiện lợi; Dầu nhớt,Cao,1600,2009,Võ Thành Nam
LA-TX-031,Namviet Petrol,GC8C+JRP,+84 954 932 216,10.5166197,106.4220763,Cửa hàng xăng dầu,Đang hoạt động,6:00,22:00,06:00 - 22:00,60,2,3,5600,"E5 RON 92, RON 95, DO",Không có dịch vụ phụ,Thấp,1600,2011,Võ Thành Nam
LA-TX-032,Công Ty TNHH Trung Dũng,QL1/108 850000,+84 272 3511 790,10.5329452,106.3933525,Cửa hàng xăng dầu,Đang hoạt động,6:00,22:00,06:00 - 22:00,60,4,4,5700,"E5 RON 92, RON 95, DO",Dầu nhớt; Rửa xe,Thấp,2200,2010,Phạm Quốc Hùng
LA-TX-033,Nhà Phân Phối Dầu Nhớt Cường Thịnh,"Quốc Lộ 1, Phường 5 850000",+84 272 3833 642,10.5615854,106.4184418,Cửa hàng xăng dầu,Đang hoạt động,6:00,22:00,06:00 - 22:00,40,3,2,5800,"E5 RON 92, RON 95, DO",Cửa hàng tiện lợi; Nước uống,Thấp,1450,2018,Lê Minh Hoàng
LA-TX-034,Cửa Hàng Dầu Nhớt Simlac Oil,"GCJ3+M9P, Nguyễn Cửu Vân",+84 909 199 045,10.531713,106.403465,Cửa hàng xăng dầu,Đang hoạt động,6:00,22:00,06:00 - 22:00,40,2,4,9000,"E5 RON 92, RON 95, DO",Cửa hàng tiện lợi; Dầu nhớt,Cao,1950,2008,Võ Thành Nam
LA-TX-035,Trạm Xăng Dầu Bảo Anh,JC29+4WQ,+84 933 735 152,10.6003424,106.4198581,Cửa hàng xăng dầu,Đang mở,6:00,18:00,06:00 - 18:00,60,5,2,7900,"E5 RON 92, RON 95, DO",Cửa hàng tiện lợi; Dầu nhớt,Cao,2150,2015,Nguyễn Thị Lan
LA-TX-036,Trạm xăng dầu COMECO số 44,Đường tỉnh 818,+84 924 905 513,10.5990883,106.433887,Cửa hàng xăng dầu,Đang mở,6:00,0:00,06:00 - 00:00,30,4,2,8500,"E5 RON 92, RON 95, DO",Cửa hàng tiện lợi; Nước uống,Cao,1150,2008,Nguyễn Văn An
LA-TX-037,Hé lô,Chưa có địa chỉ chi tiết trong HTML,+84 970 292 466,10.5882202,106.3688407,Cửa hàng xăng dầu,Đang mở,0:00,23:59,24 giờ,60,4,3,4900,"E5 RON 92, RON 95, DO",Không có dịch vụ phụ,Thấp,1400,2019,Trần Minh Đức
LA-TX-038,Cửa Hàng Dầu Nhớt Thiên Phú,125 Nguyễn Thông,+84 903 320 013,10.530158,106.434311,Cửa hàng xăng dầu,Đang hoạt động,6:00,22:00,06:00 - 22:00,40,2,3,9200,"E5 RON 92, RON 95, DO",Không có dịch vụ phụ,Cao,2350,2013,Nguyễn Thị Lan
LA-TX-039,Dntn Phúc An,"HC2M+M28, ĐT833",+84 272 3523 825,10.5516511,106.4325934,Cửa hàng xăng dầu,Tạm đóng cửa,6:00,22:00,06:00 - 22:00,40,4,3,5600,"E5 RON 92, RON 95, DO",Cửa hàng tiện lợi; Nước uống,Thấp,900,2008,Nguyễn Văn An
LA-TX-040,Trạm Xăng Dầu Hữu Vân,"CFPG+Q9V, Tỉnh Lộ 21",+84 272 3877 138,10.4369972,106.4759138,Cửa hàng xăng dầu,Đóng cửa,6:00,22:00,06:00 - 22:00,40,5,3,6900,"E5 RON 92, RON 95, DO",Dầu nhớt; Rửa xe; Cửa hàng tiện lợi,Cao,1050,2014,Trần Minh Đức
LA-TX-041,SEG - CỬA HÀNG XĂNG DẦU SỐ 08,ĐT833,+84 909 023 355,10.5873713,106.3808328,Cửa hàng xăng dầu,Đang mở,6:00,21:00,06:00 - 21:00,30,3,2,6600,"E5 RON 92, RON 95, DO",Dầu nhớt; Rửa xe,Trung bình,1000,2016,Nguyễn Văn An
LA-TX-042,LONG AN CHXD PETEC PVOIL NO.4,"Ấp Tràm Lạc, Xã Mỹ Hạnh Nam, Đức Hòa, Long An",+84 272 3751 894,10.877866,106.5004768,Cửa hàng xăng dầu PVOIL/PETEC,Đang mở,6:00,21:00,06:00 - 21:00,30,4,4,9100,"E5 RON 92, RON 95, DO",Cửa hàng tiện lợi; Nước uống,Cao,1100,2011,Trần Minh Đức
LA-TX-043,Cây xăng PETRO số 33,375/5 Vĩnh Xuân A,+84 929 852 339,10.4337313,106.462435,Cửa hàng xăng dầu,Đang hoạt động,6:00,22:00,06:00 - 22:00,30,2,3,5100,"E5 RON 92, RON 95, DO",Không có dịch vụ phụ,Thấp,1750,2011,Nguyễn Thị Lan
LA-TX-044,Cửa hàng Xăng dầu số 1,F9HR+GVJ ,+84 978 115 885,10.4788569,106.3921668,Cửa hàng xăng dầu,Đang hoạt động,6:00,22:00,06:00 - 22:00,30,3,2,6200,"E5 RON 92, RON 95, DO",Dầu nhớt; Rửa xe,Trung bình,2000,2009,Trần Văn Bình
LA-TX-045,TRẠM XĂNG DẦU PHÚ VINH LONG AN 2,MF3M+QH4,+84 998 146 886,10.6543924,106.483945,Cửa hàng xăng dầu,Đang mở,0:00,23:59,24 giờ,60,4,4,6400,"E5 RON 92, RON 95, DO",Không có dịch vụ phụ,Trung bình,1250,2015,Trần Minh Đức
LA-TX-046,Trạm xăng dầu (Cảng Quốc Tế Long An),GPJM+84 ,+84 989 510 560,10.5313714,106.7330615,Cửa hàng xăng dầu,Đang hoạt động,6:00,22:00,06:00 - 22:00,60,4,2,6500,"E5 RON 92, RON 95, DO",Dầu nhớt; Rửa xe; Cửa hàng tiện lợi,Trung bình,850,2015,Lê Minh Hoàng
LA-TX-047,Cây Xăng THALEXIM PETRO - cn Huỳnh Hiệp Hưng Long An,HHXQ+6CJ,+84 918 599 533,10.59808,106.5885075,Cửa hàng xăng dầu,Đang mở,6:00,23:00,06:00 - 23:00,40,3,3,4800,"E5 RON 92, RON 95, DO",Không có dịch vụ phụ,Thấp,2300,2008,Trần Minh Đức
LA-TX-048,TRẠM DỪNG CHÂN CHÂU THÀNH 31,JC3C+F69,+84 979 772 598,10.6036521,106.4206143,Cửa hàng xăng dầu,Đang hoạt động,6:00,22:00,06:00 - 22:00,50,5,2,7700,"E5 RON 92, RON 95, DO",Không có dịch vụ phụ,Cao,2450,2008,Nguyễn Văn An
LA-TX-049,PVOIL PETEC TÂY NINH CHXD SỐ 2,"Tổ 2,ấp Long Bình,Xã Long Thành Nam,Huyện Hòa Thành,Tỉnh Tây Ninh",+84 276 3849 263,11.2481359,106.1304842,Cửa hàng xăng dầu PVOIL/PETEC,Đang mở,6:00,21:00,06:00 - 21:00,60,5,3,6400,"E5 RON 92, RON 95, DO",Không có dịch vụ phụ,Cao,1800,2014,Trần Văn Bình
LA-TX-050,Cây xăng Long Trung,Chưa có địa chỉ chi tiết trong HTML,+84 915 233 978,11.2677652,106.1156348,Cửa hàng xăng dầu,Đang mở,6:00,18:30,06:00 - 18:30,60,3,2,5900,"E5 RON 92, RON 95, DO",Dầu nhớt; Rửa xe; Cửa hàng tiện lợi,Thấp,2200,2018,Nguyễn Văn An
LA-TX-051,Trạm xăng dầu Năm Chiểu,"GF39+WXJ, ĐT827B",+84 987 774 939,10.5048497,106.4698828,Cửa hàng xăng dầu,Đang hoạt động,6:00,22:00,06:00 - 22:00,40,4,2,5500,"E5 RON 92, RON 95, DO",Cửa hàng tiện lợi; Dầu nhớt,Thấp,2050,2019,Nguyễn Thị Lan
LA-TX-052,Long Hoa gas station,34 Phạm Hùng,+84 276 3841 349,11.2850292,106.1268985,Cửa hàng xăng dầu,Đang mở,6:00,21:00,06:00 - 21:00,40,2,4,5800,"E5 RON 92, RON 95, DO",Cửa hàng tiện lợi; Nước uống,Thấp,1150,2008,Nguyễn Văn An
LA-TX-053,SWP - Cửa hàng xăng dầu 39,"8/25, Đ. Phan Văn Tình",+84 28 3535 9051,10.5979824,106.4046568,Cửa hàng xăng dầu,Đang mở,0:00,23:59,24 giờ,30,4,4,8500,"E5 RON 92, RON 95, DO",Không có dịch vụ phụ,Cao,2350,2008,Trần Minh Đức
LA-TX-054,Đại lý bán lẻ xăng dầu Diễm Thi 1 PVoil,"74PM+MX5, An Dương Vương",+84 979 695 877,11.2866385,106.1349839,Cửa hàng xăng dầu PVOIL/PETEC,Đang mở,6:00,20:00,06:00 - 20:00,50,4,3,8400,"E5 RON 92, RON 95, DO",Cửa hàng tiện lợi; Nước uống,Cao,850,2012,Nguyễn Văn An
LA-TX-055,Cửa Hàng Xăng Dầu Phú Vinh Long An,"JFQ2+CQQ, ĐT816",+84 939 579 242,10.6385773,106.451971,Cửa hàng xăng dầu,Đang hoạt động,6:00,22:00,06:00 - 22:00,40,5,3,9100,"E5 RON 92, RON 95, DO",Dầu nhớt; Rửa xe; Cửa hàng tiện lợi,Cao,900,2016,Trần Văn Bình
